Sample label [TARA_station#_environmental-feature_size-fraction]	INSDC sample accession number(s)	INSDC run accession number(s)	Corresponding nucleotides data published at ENA	PANGAEA Sample ID	Corresponding contextual data published at PANGAEA	Station identifier [TARA_station#]	Date/Time [yyyy-mm-ddThh:mm]	Latitude [degrees North]	Longitude [degrees East]	Sampling depth [m]	Environmental Feature	Size fraction lower threshold [micrometre]	Size fraction upper threshold [micrometre]	Marine pelagic biomes (Longhurst 2007)	Ocean and sea regions (IHO General Sea Areas 1953) [MRGID registered at www.marineregions.com]	Marine pelagic biomes  (Longhurst 2007) [MRGID registered at www.marineregions.com] 
TARA_038_DCM_0.22-1.6	ERS488830	ERR598949|ERR599082	http://www.ebi.ac.uk/ena/data/view/ERR598949,ERR599082	TARA_B100000073	http://www.pangaea.de/search?All&q=TARA_B100000073	TARA_038	2010-03-15T11:18	19,0284	64,5126	25	(DCM) deep chlorophyll maximum layer (ENVO:01000326)	0,22	1,6	Trades Biome	(IO) Indian Ocean [MRGID:1904]	(MONS) Indian Monsoon Gyres Province [MRGID:21471]
TARA_038_DCM_<-0.22	ERS488836	ERR594386|ERR594399	http://www.ebi.ac.uk/ena/data/view/ERR594386,ERR594399	TARA_R100000084	http://www.pangaea.de/search?All&q=TARA_R100000084	TARA_038	2010-03-15T11:18	19,0284	64,5126	25	(DCM) deep chlorophyll maximum layer (ENVO:01000326)	<	0,22	Trades Biome	(IO) Indian Ocean [MRGID:1904]	(MONS) Indian Monsoon Gyres Province [MRGID:21471]
TARA_038_MES_0.1-0.22	ERS488853	ERR594312	http://www.ebi.ac.uk/ena/data/view/ERR594312	TARA_Y100000296	http://www.pangaea.de/search?All&q=TARA_Y100000296	TARA_038	2010-03-16T06:13:30	19,0351	64,5638	340	(MES) mesopelagic zone (ENVO:00000213) & marine oxygen minimum zone (ENVO:01000065)	0,1	0,22	Trades Biome	(IO) Indian Ocean [MRGID:1904]	(MONS) Indian Monsoon Gyres Province [MRGID:21471]
TARA_038_MES_0.22-1.6	ERS488849	ERR599109|ERR599167	http://www.ebi.ac.uk/ena/data/view/ERR599109,ERR599167	TARA_Y100000294	http://www.pangaea.de/search?All&q=TARA_Y100000294	TARA_038	2010-03-16T06:13:30	19,0351	64,5638	340	(MES) mesopelagic zone (ENVO:00000213) & marine oxygen minimum zone (ENVO:01000065)	0,22	1,6	Trades Biome	(IO) Indian Ocean [MRGID:1904]	(MONS) Indian Monsoon Gyres Province [MRGID:21471]
TARA_038_SRF_0.1-0.22	ERS488803	ERR594330	http://www.ebi.ac.uk/ena/data/view/ERR594330	TARA_Y100000289	http://www.pangaea.de/search?All&q=TARA_Y100000289	TARA_038	2010-03-15T03:35	19,0393	64,4913	5	(SRF) surface water layer (ENVO:00002042)	0,1	0,22	Trades Biome	(IO) Indian Ocean [MRGID:1904]	(MONS) Indian Monsoon Gyres Province [MRGID:21471]
TARA_038_SRF_0.22-1.6	ERS488799	ERR599102|ERR599158	http://www.ebi.ac.uk/ena/data/view/ERR599102,ERR599158	TARA_Y100000287	http://www.pangaea.de/search?All&q=TARA_Y100000287	TARA_038	2010-03-15T03:35	19,0393	64,4913	5	(SRF) surface water layer (ENVO:00002042)	0,22	1,6	Trades Biome	(IO) Indian Ocean [MRGID:1904]	(MONS) Indian Monsoon Gyres Province [MRGID:21471]
TARA_038_SRF_<-0.22	ERS488813	ERR594374|ERR594400	http://www.ebi.ac.uk/ena/data/view/ERR594374,ERR594400	TARA_R100000081	http://www.pangaea.de/search?All&q=TARA_R100000081	TARA_038	2010-03-15T03:35	19,0393	64,4913	5	(SRF) surface water layer (ENVO:00002042)	<	0,22	Trades Biome	(IO) Indian Ocean [MRGID:1904]	(MONS) Indian Monsoon Gyres Province [MRGID:21471]
TARA_039_DCM_0.22-1.6	ERS488916	ERR599145	http://www.ebi.ac.uk/ena/data/view/ERR599145	TARA_B100000085	http://www.pangaea.de/search?All&q=TARA_B100000085	TARA_039	2010-03-18T11:33	18,5839	66,4727	25	(DCM) deep chlorophyll maximum layer (ENVO:01000326)	0,22	1,6	Trades Biome	(IO) Indian Ocean [MRGID:1904]	(MONS) Indian Monsoon Gyres Province [MRGID:21471]
TARA_039_DCM_<-0.22	ERS488929	ERR594363|ERR594397	http://www.ebi.ac.uk/ena/data/view/ERR594363,ERR594397	TARA_R100000482	http://www.pangaea.de/search?All&q=TARA_R100000482	TARA_039	2010-03-18T11:33	18,5839	66,4727	25	(DCM) deep chlorophyll maximum layer (ENVO:01000326)	<	0,22	Trades Biome	(IO) Indian Ocean [MRGID:1904]	(MONS) Indian Monsoon Gyres Province [MRGID:21471]
TARA_039_MES_0.1-0.22	ERS488945	ERR594346	http://www.ebi.ac.uk/ena/data/view/ERR594346	TARA_Y100000034	http://www.pangaea.de/search?All&q=TARA_Y100000034	TARA_039	2010-03-20T08:15:28	18,7341	66,3896	270	(MES) mesopelagic zone (ENVO:00000213) & marine oxygen minimum zone (ENVO:01000065)	0,1	0,22	Trades Biome	(IO) Indian Ocean [MRGID:1904]	(MONS) Indian Monsoon Gyres Province [MRGID:21471]
TARA_039_MES_0.22-1.6	ERS488936	ERR599037|ERR599172	http://www.ebi.ac.uk/ena/data/view/ERR599037,ERR599172	TARA_Y100000031	http://www.pangaea.de/search?All&q=TARA_Y100000031	TARA_039	2010-03-20T08:15:28	18,7341	66,3896	270	(MES) mesopelagic zone (ENVO:00000213) & marine oxygen minimum zone (ENVO:01000065)	0,22	1,6	Trades Biome	(IO) Indian Ocean [MRGID:1904]	(MONS) Indian Monsoon Gyres Province [MRGID:21471]
TARA_039_SRF_0.1-0.22	ERS488879	ERR594327	http://www.ebi.ac.uk/ena/data/view/ERR594327	TARA_Y100000033	http://www.pangaea.de/search?All&q=TARA_Y100000033	TARA_039	2010-03-18T04:27	18,5918	66,622	5	(SRF) surface water layer (ENVO:00002042)	0,1	0,22	Trades Biome	(IO) Indian Ocean [MRGID:1904]	(MONS) Indian Monsoon Gyres Province [MRGID:21471]
TARA_039_SRF_<-0.22	ERS488892	ERR594356|ERR594365	http://www.ebi.ac.uk/ena/data/view/ERR594356,ERR594365	TARA_R100000479	http://www.pangaea.de/search?All&q=TARA_R100000479	TARA_039	2010-03-18T04:27	18,5918	66,622	5	(SRF) surface water layer (ENVO:00002042)	<	0,22	Trades Biome	(IO) Indian Ocean [MRGID:1904]	(MONS) Indian Monsoon Gyres Province [MRGID:21471]
TARA_064_DCM_0.1-0.22	ERS490010	ERR594324	http://www.ebi.ac.uk/ena/data/view/ERR594324	TARA_Y100000401	http://www.pangaea.de/search?All&q=TARA_Y100000401	TARA_064	2010-07-08T06:21	-29,5333	37,9117	65	(DCM) deep chlorophyll maximum layer (ENVO:01000326)	0,1	0,22	Coastal Biome 	(IO) Indian Ocean [MRGID:1904]	(EAFR) Eastern Africa Coastal Province [MRGID:21473]
TARA_064_DCM_0.22-3	ERS490002	ERR598972|ERR599023|ERR599025	http://www.ebi.ac.uk/ena/data/view/ERR598972,ERR599023,ERR599025	TARA_B100000405	http://www.pangaea.de/search?All&q=TARA_B100000405	TARA_064	2010-07-08T06:21	-29,5333	37,9117	65	(DCM) deep chlorophyll maximum layer (ENVO:01000326)	0,22	3	Coastal Biome 	(IO) Indian Ocean [MRGID:1904]	(EAFR) Eastern Africa Coastal Province [MRGID:21473]
TARA_064_DCM_<-0.22	ERS490026	ERR594385	http://www.ebi.ac.uk/ena/data/view/ERR594385	TARA_R100000315	http://www.pangaea.de/search?All&q=TARA_R100000315	TARA_064	2010-07-08T06:21	-29,5333	37,9117	65	(DCM) deep chlorophyll maximum layer (ENVO:01000326)	<	0,22	Coastal Biome 	(IO) Indian Ocean [MRGID:1904]	(EAFR) Eastern Africa Coastal Province [MRGID:21473]
TARA_064_MES_0.22-3	ERS489987	ERR599021|ERR599164	http://www.ebi.ac.uk/ena/data/view/ERR599021,ERR599164	TARA_B100000408	http://www.pangaea.de/search?All&q=TARA_B100000408	TARA_064	2010-07-07T12:13:35	-29,5046	37,9599	1000	(MES) mesopelagic zone (ENVO:00000213)	0,22	3	Coastal Biome 	(IO) Indian Ocean [MRGID:1904]	(EAFR) Eastern Africa Coastal Province [MRGID:21473]
TARA_064_SRF_0.22-3	ERS489917	ERR598970|ERR599088|ERR599150	http://www.ebi.ac.uk/ena/data/view/ERR598970,ERR599088,ERR599150	TARA_B100000401	http://www.pangaea.de/search?All&q=TARA_B100000401	TARA_064	2010-07-07T04:48	-29,5019	37,9889	5	(SRF) surface water layer (ENVO:00002042)	0,22	3	Coastal Biome 	(IO) Indian Ocean [MRGID:1904]	(EAFR) Eastern Africa Coastal Province [MRGID:21473]
TARA_064_SRF_<-0.22	ERS489943	ERR594392	http://www.ebi.ac.uk/ena/data/view/ERR594392	TARA_R100000322	http://www.pangaea.de/search?All&q=TARA_R100000322	TARA_064	2010-07-07T04:48	-29,5019	37,9889	5	(SRF) surface water layer (ENVO:00002042)	<	0,22	Coastal Biome 	(IO) Indian Ocean [MRGID:1904]	(EAFR) Eastern Africa Coastal Province [MRGID:21473]
TARA_065_DCM_0.1-0.22	ERS490089	ERR594291	http://www.ebi.ac.uk/ena/data/view/ERR594291	TARA_Y100000361	http://www.pangaea.de/search?All&q=TARA_Y100000361	TARA_065	2010-07-12T11:03:22	-35,2421	26,3048	30	(DCM) deep chlorophyll maximum layer (ENVO:01000326)	0,1	0,22	Coastal Biome 	(IO) Indian Ocean [MRGID:1904]	(EAFR) Eastern Africa Coastal Province [MRGID:21473]
TARA_065_DCM_0.22-3	ERS490085	ERR598990|ERR599018|ERR599110	http://www.ebi.ac.uk/ena/data/view/ERR598990,ERR599018,ERR599110	TARA_B000000441	http://www.pangaea.de/search?All&q=TARA_B000000441	TARA_065	2010-07-12T11:03:22	-35,2421	26,3048	30	(DCM) deep chlorophyll maximum layer (ENVO:01000326)	0,22	3	Coastal Biome 	(IO) Indian Ocean [MRGID:1904]	(EAFR) Eastern Africa Coastal Province [MRGID:21473]
TARA_065_DCM_<-0.22	ERS490120	ERR594382|ERR594414	http://www.ebi.ac.uk/ena/data/view/ERR594382,ERR594414	TARA_R100001198	http://www.pangaea.de/search?All&q=TARA_R100001198	TARA_065	2010-07-12T11:03:22	-35,2421	26,3048	30	(DCM) deep chlorophyll maximum layer (ENVO:01000326)	<	0,22	Coastal Biome 	(IO) Indian Ocean [MRGID:1904]	(EAFR) Eastern Africa Coastal Province [MRGID:21473]
TARA_065_MES_0.22-3	ERS490065	ERR598960|ERR599034	http://www.ebi.ac.uk/ena/data/view/ERR598960,ERR599034	TARA_B000000460	http://www.pangaea.de/search?All&q=TARA_B000000460	TARA_065	2010-07-12T06:46:23	-35,1889	26,2905	850	(MES) mesopelagic zone (ENVO:00000213)	0,22	3	Coastal Biome 	(IO) Indian Ocean [MRGID:1904]	(EAFR) Eastern Africa Coastal Province [MRGID:21473]
TARA_065_SRF_0.1-0.22	ERS490035	ERR594320	http://www.ebi.ac.uk/ena/data/view/ERR594320	TARA_Y100000356	http://www.pangaea.de/search?All&q=TARA_Y100000356	TARA_065	2010-07-12T05:59	-35,1728	26,2868	5	(SRF) surface water layer (ENVO:00002042)	0,1	0,22	Coastal Biome 	(IO) Indian Ocean [MRGID:1904]	(EAFR) Eastern Africa Coastal Province [MRGID:21473]
TARA_065_SRF_0.22-3	ERS490029	ERR598979|ERR599146	http://www.ebi.ac.uk/ena/data/view/ERR598979,ERR599146	TARA_B000000437	http://www.pangaea.de/search?All&q=TARA_B000000437	TARA_065	2010-07-12T05:59	-35,1728	26,2868	5	(SRF) surface water layer (ENVO:00002042)	0,22	3	Coastal Biome 	(IO) Indian Ocean [MRGID:1904]	(EAFR) Eastern Africa Coastal Province [MRGID:21473]
TARA_065_SRF_<-0.22	ERS490053	ERR594359|ERR594361	http://www.ebi.ac.uk/ena/data/view/ERR594359,ERR594361	TARA_R100001230	http://www.pangaea.de/search?All&q=TARA_R100001230	TARA_065	2010-07-12T05:59	-35,1728	26,2868	5	(SRF) surface water layer (ENVO:00002042)	<	0,22	Coastal Biome 	(IO) Indian Ocean [MRGID:1904]	(EAFR) Eastern Africa Coastal Province [MRGID:21473]
TARA_068_DCM_0.22-3	ERS490296	ERR599017|ERR599056|ERR599103	http://www.ebi.ac.uk/ena/data/view/ERR599017,ERR599056,ERR599103	TARA_B100000482	http://www.pangaea.de/search?All&q=TARA_B100000482	TARA_068	2010-09-14T13:30	-31,027	4,6802	50	(DCM) deep chlorophyll maximum layer (ENVO:01000326)	0,22	3	Trades Biome	(SAO) South Atlantic Ocean [MRGID:1914]	(SATL) South Atlantic Gyral Province [MRGID:21459]
TARA_068_DCM_0.22-0.45	ERS490303	ERR594294	http://www.ebi.ac.uk/ena/data/view/ERR594294	TARA_Y100000748	http://www.pangaea.de/search?All&q=TARA_Y100000748	TARA_068	2010-09-14T13:30	-31,027	4,6802	50	(DCM) deep chlorophyll maximum layer (ENVO:01000326)	0,22	0,45	Trades Biome	(SAO) South Atlantic Ocean [MRGID:1914]	(SATL) South Atlantic Gyral Province [MRGID:21459]
TARA_068_DCM_0.45-0.8	ERS490304	ERR594348	http://www.ebi.ac.uk/ena/data/view/ERR594348	TARA_Y100000746	http://www.pangaea.de/search?All&q=TARA_Y100000746	TARA_068	2010-09-14T13:30	-31,027	4,6802	50	(DCM) deep chlorophyll maximum layer (ENVO:01000326)	0,45	0,8	Trades Biome	(SAO) South Atlantic Ocean [MRGID:1914]	(SATL) South Atlantic Gyral Province [MRGID:21459]
TARA_068_DCM_<-0.22	ERS490320	ERR594415	http://www.ebi.ac.uk/ena/data/view/ERR594415	TARA_R100000995	http://www.pangaea.de/search?All&q=TARA_R100000995	TARA_068	2010-09-14T13:30	-31,027	4,6802	50	(DCM) deep chlorophyll maximum layer (ENVO:01000326)	<	0,22	Trades Biome	(SAO) South Atlantic Ocean [MRGID:1914]	(SATL) South Atlantic Gyral Province [MRGID:21459]
TARA_068_MES_0.22-3	ERS490230	ERR598947|ERR599131	http://www.ebi.ac.uk/ena/data/view/ERR598947,ERR599131	TARA_B100000470	http://www.pangaea.de/search?All&q=TARA_B100000470	TARA_068	2010-09-13T13:02:33	-31,0198	4,6685	700	(MES) mesopelagic zone (ENVO:00000213)	0,22	3	Trades Biome	(SAO) South Atlantic Ocean [MRGID:1914]	(SATL) South Atlantic Gyral Province [MRGID:21459]
TARA_068_MES_0.45-0.8	ERS490238	ERR594302	http://www.ebi.ac.uk/ena/data/view/ERR594302	TARA_Y100000758	http://www.pangaea.de/search?All&q=TARA_Y100000758	TARA_068	2010-09-13T13:02:33	-31,0198	4,6685	700	(MES) mesopelagic zone (ENVO:00000213)	0,45	0,8	Trades Biome	(SAO) South Atlantic Ocean [MRGID:1914]	(SATL) South Atlantic Gyral Province [MRGID:21459]
TARA_068_SRF_0.22-3	ERS490265	ERR599129|ERR599171|ERR599174	http://www.ebi.ac.uk/ena/data/view/ERR599129,ERR599171,ERR599174	TARA_B100000475	http://www.pangaea.de/search?All&q=TARA_B100000475	TARA_068	2010-09-14T06:55	-31,0266	4,665	5	(SRF) surface water layer (ENVO:00002042)	0,22	3	Trades Biome	(SAO) South Atlantic Ocean [MRGID:1914]	(SATL) South Atlantic Gyral Province [MRGID:21459]
TARA_068_SRF_0.22-0.45	ERS490272	ERR594318	http://www.ebi.ac.uk/ena/data/view/ERR594318	TARA_Y100000741	http://www.pangaea.de/search?All&q=TARA_Y100000741	TARA_068	2010-09-14T06:55	-31,0266	4,665	5	(SRF) surface water layer (ENVO:00002042)	0,22	0,45	Trades Biome	(SAO) South Atlantic Ocean [MRGID:1914]	(SATL) South Atlantic Gyral Province [MRGID:21459]
TARA_068_SRF_0.45-0.8	ERS490273	ERR594297	http://www.ebi.ac.uk/ena/data/view/ERR594297	TARA_Y100000739	http://www.pangaea.de/search?All&q=TARA_Y100000739	TARA_068	2010-09-14T06:55	-31,0266	4,665	5	(SRF) surface water layer (ENVO:00002042)	0,45	0,8	Trades Biome	(SAO) South Atlantic Ocean [MRGID:1914]	(SATL) South Atlantic Gyral Province [MRGID:21459]
TARA_068_SRF_<-0.22	ERS490285	ERR594391	http://www.ebi.ac.uk/ena/data/view/ERR594391	TARA_R100000988	http://www.pangaea.de/search?All&q=TARA_R100000988	TARA_068	2010-09-14T06:55	-31,0266	4,665	5	(SRF) surface water layer (ENVO:00002042)	<	0,22	Trades Biome	(SAO) South Atlantic Ocean [MRGID:1914]	(SATL) South Atlantic Gyral Province [MRGID:21459]
TARA_072_DCM_0.22-3	ERS490476	ERR599133|ERR599137	http://www.ebi.ac.uk/ena/data/view/ERR599133,ERR599137	TARA_B100000427	http://www.pangaea.de/search?All&q=TARA_B100000427	TARA_072	2010-10-05T15:35	-8,7296	-17,9604	100	(DCM) deep chlorophyll maximum layer (ENVO:01000326)	0,22	3	Trades Biome	(SAO) South Atlantic Ocean [MRGID:1914]	(SATL) South Atlantic Gyral Province [MRGID:21459]
TARA_072_DCM_<-0.22	ERS490494	ERR594379	http://www.ebi.ac.uk/ena/data/view/ERR594379	TARA_R100001082	http://www.pangaea.de/search?All&q=TARA_R100001082	TARA_072	2010-10-05T15:35	-8,7296	-17,9604	100	(DCM) deep chlorophyll maximum layer (ENVO:01000326)	<	0,22	Trades Biome	(SAO) South Atlantic Ocean [MRGID:1914]	(SATL) South Atlantic Gyral Province [MRGID:21459]
TARA_072_MES_0.22-3	ERS490507	ERR599005|ERR599048	http://www.ebi.ac.uk/ena/data/view/ERR599005,ERR599048	TARA_B100000508	http://www.pangaea.de/search?All&q=TARA_B100000508	TARA_072	2010-10-06T07:58:54	-8,7986	-17,9034	800	(MES) mesopelagic zone (ENVO:00000213)	0,22	3	Trades Biome	(SAO) South Atlantic Ocean [MRGID:1914]	(SATL) South Atlantic Gyral Province [MRGID:21459]
TARA_072_MES_<-0.22	ERS490522	ERR594388	http://www.ebi.ac.uk/ena/data/view/ERR594388	TARA_R100001086	http://www.pangaea.de/search?All&q=TARA_R100001086	TARA_072	2010-10-06T07:58:54	-8,7986	-17,9034	800	(MES) mesopelagic zone (ENVO:00000213)	<	0,22	Trades Biome	(SAO) South Atlantic Ocean [MRGID:1914]	(SATL) South Atlantic Gyral Province [MRGID:21459]
TARA_072_SRF_0.22-3	ERS490433	ERR598984|ERR599105	http://www.ebi.ac.uk/ena/data/view/ERR598984,ERR599105	TARA_B100000424	http://www.pangaea.de/search?All&q=TARA_B100000424	TARA_072	2010-10-05T08:00	-8,7789	-17,9099	5	(SRF) surface water layer (ENVO:00002042)	0,22	3	Trades Biome	(SAO) South Atlantic Ocean [MRGID:1914]	(SATL) South Atlantic Gyral Province [MRGID:21459]
TARA_072_SRF_<-0.22	ERS490452	ERR594364	http://www.ebi.ac.uk/ena/data/view/ERR594364	TARA_R100001079	http://www.pangaea.de/search?All&q=TARA_R100001079	TARA_072	2010-10-05T08:00	-8,7789	-17,9099	5	(SRF) surface water layer (ENVO:00002042)	<	0,22	Trades Biome	(SAO) South Atlantic Ocean [MRGID:1914]	(SATL) South Atlantic Gyral Province [MRGID:21459]
TARA_076_DCM_0.22-3	ERS490597	ERR599040|ERR599148	http://www.ebi.ac.uk/ena/data/view/ERR599040,ERR599148	TARA_B100000519	http://www.pangaea.de/search?All&q=TARA_B100000519	TARA_076	2010-10-16T16:58:37	-21,0292	-35,3498	150	(DCM) deep chlorophyll maximum layer (ENVO:01000326)	0,22	3	Trades Biome	(SAO) South Atlantic Ocean [MRGID:1914]	(SATL) South Atlantic Gyral Province [MRGID:21459]
TARA_076_DCM_0.22-0.45	ERS490602	ERR594321	http://www.ebi.ac.uk/ena/data/view/ERR594321	TARA_Y100000817	http://www.pangaea.de/search?All&q=TARA_Y100000817	TARA_076	2010-10-16T16:58:37	-21,0292	-35,3498	150	(DCM) deep chlorophyll maximum layer (ENVO:01000326)	0,22	0,45	Trades Biome	(SAO) South Atlantic Ocean [MRGID:1914]	(SATL) South Atlantic Gyral Province [MRGID:21459]
TARA_076_DCM_0.45-0.8	ERS490603	ERR594298	http://www.ebi.ac.uk/ena/data/view/ERR594298	TARA_Y100000814	http://www.pangaea.de/search?All&q=TARA_Y100000814	TARA_076	2010-10-16T16:58:37	-21,0292	-35,3498	150	(DCM) deep chlorophyll maximum layer (ENVO:01000326)	0,45	0,8	Trades Biome	(SAO) South Atlantic Ocean [MRGID:1914]	(SATL) South Atlantic Gyral Province [MRGID:21459]
TARA_076_DCM_<-0.22	ERS490610	ERR594355	http://www.ebi.ac.uk/ena/data/view/ERR594355	TARA_R100001129	http://www.pangaea.de/search?All&q=TARA_R100001129	TARA_076	2010-10-16T16:58:37	-21,0292	-35,3498	150	(DCM) deep chlorophyll maximum layer (ENVO:01000326)	<	0,22	Trades Biome	(SAO) South Atlantic Ocean [MRGID:1914]	(SATL) South Atlantic Gyral Province [MRGID:21459]
TARA_076_MES_0.22-3	ERS490633	ERR599000|ERR599154	http://www.ebi.ac.uk/ena/data/view/ERR599000,ERR599154	TARA_B100000749	http://www.pangaea.de/search?All&q=TARA_B100000749	TARA_076	2010-10-17T09:05:05	-20,9315	-35,1794	800	(MES) mesopelagic zone (ENVO:00000213)	0,22	3	Trades Biome	(SAO) South Atlantic Ocean [MRGID:1914]	(SATL) South Atlantic Gyral Province [MRGID:21459]
TARA_076_MES_0.45-0.8	ERS490643	ERR594333	http://www.ebi.ac.uk/ena/data/view/ERR594333	TARA_Y100000815	http://www.pangaea.de/search?All&q=TARA_Y100000815	TARA_076	2010-10-17T09:05:05	-20,9315	-35,1794	800	(MES) mesopelagic zone (ENVO:00000213)	0,45	0,8	Trades Biome	(SAO) South Atlantic Ocean [MRGID:1914]	(SATL) South Atlantic Gyral Province [MRGID:21459]
TARA_076_SRF_0.22-3	ERS490542	ERR599010|ERR599126	http://www.ebi.ac.uk/ena/data/view/ERR599010,ERR599126	TARA_B100000513	http://www.pangaea.de/search?All&q=TARA_B100000513	TARA_076	2010-10-16T09:55	-20,9354	-35,1803	5	(SRF) surface water layer (ENVO:00002042)	0,22	3	Trades Biome	(SAO) South Atlantic Ocean [MRGID:1914]	(SATL) South Atlantic Gyral Province [MRGID:21459]
TARA_076_SRF_0.22-0.45	ERS490547	ERR594310	http://www.ebi.ac.uk/ena/data/view/ERR594310	TARA_Y100000816	http://www.pangaea.de/search?All&q=TARA_Y100000816	TARA_076	2010-10-16T09:55	-20,9354	-35,1803	5	(SRF) surface water layer (ENVO:00002042)	0,22	0,45	Trades Biome	(SAO) South Atlantic Ocean [MRGID:1914]	(SATL) South Atlantic Gyral Province [MRGID:21459]
TARA_076_SRF_0.45-0.8	ERS490548	ERR594286	http://www.ebi.ac.uk/ena/data/view/ERR594286	TARA_Y100000813	http://www.pangaea.de/search?All&q=TARA_Y100000813	TARA_076	2010-10-16T09:55	-20,9354	-35,1803	5	(SRF) surface water layer (ENVO:00002042)	0,45	0,8	Trades Biome	(SAO) South Atlantic Ocean [MRGID:1914]	(SATL) South Atlantic Gyral Province [MRGID:21459]
TARA_076_SRF_<-0.22	ERS490557	ERR594354	http://www.ebi.ac.uk/ena/data/view/ERR594354	TARA_R100001126	http://www.pangaea.de/search?All&q=TARA_R100001126	TARA_076	2010-10-16T09:55	-20,9354	-35,1803	5	(SRF) surface water layer (ENVO:00002042)	<	0,22	Trades Biome	(SAO) South Atlantic Ocean [MRGID:1914]	(SATL) South Atlantic Gyral Province [MRGID:21459]
TARA_078_DCM_0.22-3	ERS490691	ERR599046|ERR599101	http://www.ebi.ac.uk/ena/data/view/ERR599046,ERR599101	TARA_B100000530	http://www.pangaea.de/search?All&q=TARA_B100000530	TARA_078	2010-11-04T18:16:53	-30,1484	-43,2705	120	(DCM) deep chlorophyll maximum layer (ENVO:01000326)	0,22	3	Trades Biome	(SAO) South Atlantic Ocean [MRGID:1914]	(SATL) South Atlantic Gyral Province [MRGID:21459]
TARA_078_DCM_0.22-0.45	ERS490696	ERR594336	http://www.ebi.ac.uk/ena/data/view/ERR594336	TARA_Y100000996	http://www.pangaea.de/search?All&q=TARA_Y100000996	TARA_078	2010-11-04T18:16:53	-30,1484	-43,2705	120	(DCM) deep chlorophyll maximum layer (ENVO:01000326)	0,22	0,45	Trades Biome	(SAO) South Atlantic Ocean [MRGID:1914]	(SATL) South Atlantic Gyral Province [MRGID:21459]
TARA_078_DCM_0.45-0.8	ERS490697	ERR594303	http://www.ebi.ac.uk/ena/data/view/ERR594303	TARA_Y100000994	http://www.pangaea.de/search?All&q=TARA_Y100000994	TARA_078	2010-11-04T18:16:53	-30,1484	-43,2705	120	(DCM) deep chlorophyll maximum layer (ENVO:01000326)	0,45	0,8	Trades Biome	(SAO) South Atlantic Ocean [MRGID:1914]	(SATL) South Atlantic Gyral Province [MRGID:21459]
TARA_078_MES_0.22-3	ERS490714	ERR599124|ERR599159	http://www.ebi.ac.uk/ena/data/view/ERR599124,ERR599159	TARA_B100000745	http://www.pangaea.de/search?All&q=TARA_B100000745	TARA_078	2010-11-05T12:33:27	-30,1471	-43,2915	800	(MES) mesopelagic zone (ENVO:00000213)	0,22	3	Trades Biome	(SAO) South Atlantic Ocean [MRGID:1914]	(SATL) South Atlantic Gyral Province [MRGID:21459]
TARA_078_MES_0.45-0.8	ERS490722	ERR594289	http://www.ebi.ac.uk/ena/data/view/ERR594289	TARA_Y100001001	http://www.pangaea.de/search?All&q=TARA_Y100001001	TARA_078	2010-11-05T12:33:27	-30,1471	-43,2915	800	(MES) mesopelagic zone (ENVO:00000213)	0,45	0,8	Trades Biome	(SAO) South Atlantic Ocean [MRGID:1914]	(SATL) South Atlantic Gyral Province [MRGID:21459]
TARA_078_SRF_0.22-3	ERS490659	ERR599006|ERR599022	http://www.ebi.ac.uk/ena/data/view/ERR599006,ERR599022	TARA_B100000524	http://www.pangaea.de/search?All&q=TARA_B100000524	TARA_078	2010-11-04T10:04	-30,1367	-43,2899	5	(SRF) surface water layer (ENVO:00002042)	0,22	3	Trades Biome	(SAO) South Atlantic Ocean [MRGID:1914]	(SATL) South Atlantic Gyral Province [MRGID:21459]
TARA_078_SRF_0.22-0.45	ERS490664	ERR594340	http://www.ebi.ac.uk/ena/data/view/ERR594340	TARA_Y100000992	http://www.pangaea.de/search?All&q=TARA_Y100000992	TARA_078	2010-11-04T10:04	-30,1367	-43,2899	5	(SRF) surface water layer (ENVO:00002042)	0,22	0,45	Trades Biome	(SAO) South Atlantic Ocean [MRGID:1914]	(SATL) South Atlantic Gyral Province [MRGID:21459]
TARA_078_SRF_0.45-0.8	ERS490665	ERR594332	http://www.ebi.ac.uk/ena/data/view/ERR594332	TARA_Y100000991	http://www.pangaea.de/search?All&q=TARA_Y100000991	TARA_078	2010-11-04T10:04	-30,1367	-43,2899	5	(SRF) surface water layer (ENVO:00002042)	0,45	0,8	Trades Biome	(SAO) South Atlantic Ocean [MRGID:1914]	(SATL) South Atlantic Gyral Province [MRGID:21459]
TARA_078_SRF_<-0.22	ERS490676	ERR594411	http://www.ebi.ac.uk/ena/data/view/ERR594411	TARA_R100001224	http://www.pangaea.de/search?All&q=TARA_R100001224	TARA_078	2010-11-04T10:04	-30,1367	-43,2899	5	(SRF) surface water layer (ENVO:00002042)	<	0,22	Trades Biome	(SAO) South Atlantic Ocean [MRGID:1914]	(SATL) South Atlantic Gyral Province [MRGID:21459]
TARA_085_DCM_0.22-3	ERS491095	ERR599104|ERR599121	http://www.ebi.ac.uk/ena/data/view/ERR599104,ERR599121	TARA_B100000795	http://www.pangaea.de/search?All&q=TARA_B100000795	TARA_085	2011-01-06T19:34:21	-62,2231	-49,2139	90	(DCM) deep chlorophyll maximum layer (ENVO:01000326)	0,22	3	Polar Biome	(SO) Southern Ocean [MRGID:1907]	(ANTA) Antarctic Province [MRGID:21502]
TARA_085_DCM_<-0.22	ERS491107	ERR594377	http://www.ebi.ac.uk/ena/data/view/ERR594377	TARA_R100001377	http://www.pangaea.de/search?All&q=TARA_R100001377	TARA_085	2011-01-06T19:34:21	-62,2231	-49,2139	90	(DCM) deep chlorophyll maximum layer (ENVO:01000326)	<	0,22	Polar Biome	(SO) Southern Ocean [MRGID:1907]	(ANTA) Antarctic Province [MRGID:21502]
TARA_085_MES_0.22-3	ERS491110	ERR599008|ERR599125	http://www.ebi.ac.uk/ena/data/view/ERR599008,ERR599125	TARA_B100000809	http://www.pangaea.de/search?All&q=TARA_B100000809	TARA_085	2011-01-07T10:39:47	-61,9689	-49,5017	790	(MES) mesopelagic zone (ENVO:00000213)	0,22	3	Polar Biome	(SO) Southern Ocean [MRGID:1907]	(ANTA) Antarctic Province [MRGID:21502]
TARA_085_SRF_0.22-3	ERS491044	ERR599090|ERR599176	http://www.ebi.ac.uk/ena/data/view/ERR599090,ERR599176	TARA_B100000787	http://www.pangaea.de/search?All&q=TARA_B100000787	TARA_085	2011-01-06T10:38	-62,0385	-49,529	5	(SRF) surface water layer (ENVO:00002042)	0,22	3	Polar Biome	(SO) Southern Ocean [MRGID:1907]	(ANTA) Antarctic Province [MRGID:21502]
TARA_098_DCM_0.22-3	ERS491740	ERR599042|ERR599079	http://www.ebi.ac.uk/ena/data/view/ERR599042,ERR599079	TARA_B100001029	http://www.pangaea.de/search?All&q=TARA_B100001029	TARA_098	2011-04-03T21:50:58	-25,826	-111,7294	188	(DCM) deep chlorophyll maximum layer (ENVO:01000326)	0,22	3	Trades Biome	(SPO) South Pacific Ocean [MRGID:1910]	(SPSG) South Pacific Subtropical Gyre Province, North and South [MRGID:21486]
TARA_098_MES_0.22-3	ERS491767	ERR599071|ERR599085	http://www.ebi.ac.uk/ena/data/view/ERR599071,ERR599085	TARA_B100001013	http://www.pangaea.de/search?All&q=TARA_B100001013	TARA_098	2011-04-04T13:55:02	-25,8076	-111,6906	488	(MES) mesopelagic zone (ENVO:00000213)	0,22	3	Trades Biome	(SPO) South Pacific Ocean [MRGID:1910]	(SPSG) South Pacific Subtropical Gyre Province, North and South [MRGID:21486]
TARA_098_SRF_0.22-3	ERS491699	ERR599093|ERR599120	http://www.ebi.ac.uk/ena/data/view/ERR599093,ERR599120	TARA_B100001027	http://www.pangaea.de/search?All&q=TARA_B100001027	TARA_098	2011-04-03T13:44	-25,8051	-111,7202	5	(SRF) surface water layer (ENVO:00002042)	0,22	3	Trades Biome	(SPO) South Pacific Ocean [MRGID:1910]	(SPSG) South Pacific Subtropical Gyre Province, North and South [MRGID:21486]
TARA_102_DCM_0.22-3	ERS492012	ERR598962|ERR599007|ERR599168	http://www.ebi.ac.uk/ena/data/view/ERR598962,ERR599007,ERR599168	TARA_B100000902	http://www.pangaea.de/search?All&q=TARA_B100000902	TARA_102	2011-04-22T21:13	-5,2669	-85,2732	40	(DCM) deep chlorophyll maximum layer (ENVO:01000326)	0,22	3	Trades Biome	(SPO) South Pacific Ocean [MRGID:1910]	(PEOD) Pacific Equatorial Divergence Province [MRGID:21489]
TARA_102_MES_0.22-3	ERS491980	ERR599055|ERR599128|ERR599132	http://www.ebi.ac.uk/ena/data/view/ERR599055,ERR599128,ERR599132	TARA_B100000953	http://www.pangaea.de/search?All&q=TARA_B100000953	TARA_102	2011-04-22T12:08:28	-5,261	-85,1678	480	(MES) mesopelagic zone (ENVO:00000213) & marine oxygen minimum zone (ENVO:01000065)	0,22	3	Trades Biome	(SPO) South Pacific Ocean [MRGID:1910]	(PEOD) Pacific Equatorial Divergence Province [MRGID:21489]
TARA_102_SRF_0.22-3	ERS491938	ERR598943|ERR598978	http://www.ebi.ac.uk/ena/data/view/ERR598943,ERR598978	TARA_B100000900	http://www.pangaea.de/search?All&q=TARA_B100000900	TARA_102	2011-04-21T20:07	-5,2529	-85,1545	5	(SRF) surface water layer (ENVO:00002042)	0,22	3	Trades Biome	(SPO) South Pacific Ocean [MRGID:1910]	(PEOD) Pacific Equatorial Divergence Province [MRGID:21489]
TARA_109_DCM_0.22-3	ERS492177	ERR598952|ERR599065|ERR599108	http://www.ebi.ac.uk/ena/data/view/ERR598952,ERR599065,ERR599108	TARA_B100000927	http://www.pangaea.de/search?All&q=TARA_B100000927	TARA_109	2011-05-12T22:15	2,0299	-84,5546	30	(DCM) deep chlorophyll maximum layer (ENVO:01000326)	0,22	3	Coastal Biome 	(NPO) North Pacific Ocean [MRGID:1908]	(CHIL) Chile-Peru Current Coastal Province [MRGID:21495]
TARA_109_DCM_<-0.22	ERS492198	ERR594357|ERR594380|ERR594381|ERR594383|ERR594387	http://www.ebi.ac.uk/ena/data/view/ERR594357,ERR594380,ERR594381,ERR594383,ERR594387	TARA_R100001510	http://www.pangaea.de/search?All&q=TARA_R100001510	TARA_109	2011-05-12T22:15	2,0299	-84,5546	30	(DCM) deep chlorophyll maximum layer (ENVO:01000326)	<	0,22	Coastal Biome 	(NPO) North Pacific Ocean [MRGID:1908]	(CHIL) Chile-Peru Current Coastal Province [MRGID:21495]
TARA_109_MES_0.22-3	ERS492205	ERR598971|ERR599067	http://www.ebi.ac.uk/ena/data/view/ERR598971,ERR599067	TARA_B100000929	http://www.pangaea.de/search?All&q=TARA_B100000929	TARA_109	2011-05-13T16:08:58	2,0649	-84,5546	380	(MES) mesopelagic zone (ENVO:00000213) & marine oxygen minimum zone (ENVO:01000065)	0,22	3	Coastal Biome 	(NPO) North Pacific Ocean [MRGID:1908]	(CHIL) Chile-Peru Current Coastal Province [MRGID:21495]
TARA_109_SRF_0.22-3	ERS492145	ERR598997|ERR599118	http://www.ebi.ac.uk/ena/data/view/ERR598997,ERR599118	TARA_B100000925	http://www.pangaea.de/search?All&q=TARA_B100000925	TARA_109	2011-05-12T14:00	1,9928	-84,5766	5	(SRF) surface water layer (ENVO:00002042)	0,22	3	Coastal Biome 	(NPO) North Pacific Ocean [MRGID:1908]	(CHIL) Chile-Peru Current Coastal Province [MRGID:21495]
TARA_109_SRF_<-0.22	ERS492160	ERR594412	http://www.ebi.ac.uk/ena/data/view/ERR594412	TARA_R100001509	http://www.pangaea.de/search?All&q=TARA_R100001509	TARA_109	2011-05-12T14:00	1,9928	-84,5766	5	(SRF) surface water layer (ENVO:00002042)	<	0,22	Coastal Biome 	(NPO) North Pacific Ocean [MRGID:1908]	(CHIL) Chile-Peru Current Coastal Province [MRGID:21495]
TARA_110_DCM_0.22-3	ERS492264	ERR599014	http://www.ebi.ac.uk/ena/data/view/ERR599014	TARA_B100001113	http://www.pangaea.de/search?All&q=TARA_B100001113	TARA_110	2011-05-21T21:00	-1,9002	-84,6265	50	(DCM) deep chlorophyll maximum layer (ENVO:01000326)	0,22	3	Trades Biome	(SPO) South Pacific Ocean [MRGID:1910]	(SPSG) South Pacific Subtropical Gyre Province, North and South [MRGID:21486]
TARA_110_MES_0.22-3	ERS492294	ERR599020	http://www.ebi.ac.uk/ena/data/view/ERR599020	TARA_B100001079	http://www.pangaea.de/search?All&q=TARA_B100001079	TARA_110	2011-05-22T13:20	-1,8902	-84,6141	380	(MES) mesopelagic zone (ENVO:00000213) & marine oxygen minimum zone (ENVO:01000065)	0,22	3	Trades Biome	(SPO) South Pacific Ocean [MRGID:1910]	(SPSG) South Pacific Subtropical Gyre Province, North and South [MRGID:21486]
TARA_110_SRF_0.22-3	ERS492228	ERR599039	http://www.ebi.ac.uk/ena/data/view/ERR599039	TARA_B100001109	http://www.pangaea.de/search?All&q=TARA_B100001109	TARA_110	2011-05-21T12:27	-2,0133	-84,589	5	(SRF) surface water layer (ENVO:00002042)	0,22	3	Trades Biome	(SPO) South Pacific Ocean [MRGID:1910]	(SPSG) South Pacific Subtropical Gyre Province, North and South [MRGID:21486]
TARA_111_DCM_0.22-3	ERS492357	ERR598961	http://www.ebi.ac.uk/ena/data/view/ERR598961	TARA_B100000579	http://www.pangaea.de/search?All&q=TARA_B100000579	TARA_111	2011-05-31T20:28:10	-16,9587	-100,6751	90	(DCM) deep chlorophyll maximum layer (ENVO:01000326)	0,22	3	Trades Biome	(SPO) South Pacific Ocean [MRGID:1910]	(SPSG) South Pacific Subtropical Gyre Province, North and South [MRGID:21486]
TARA_111_MES_0.22-3	ERS492381	ERR599086	http://www.ebi.ac.uk/ena/data/view/ERR599086	TARA_B100000586	http://www.pangaea.de/search?All&q=TARA_B100000586	TARA_111	2011-06-01T16:00:59	-16,9486	-100,6715	350	(MES) mesopelagic zone (ENVO:00000213) & marine oxygen minimum zone (ENVO:01000065)	0,22	3	Trades Biome	(SPO) South Pacific Ocean [MRGID:1910]	(SPSG) South Pacific Subtropical Gyre Province, North and South [MRGID:21486]
TARA_111_SRF_0.22-3	ERS492321	ERR599077	http://www.ebi.ac.uk/ena/data/view/ERR599077	TARA_B100000575	http://www.pangaea.de/search?All&q=TARA_B100000575	TARA_111	2011-05-31T14:25	-16,9601	-100,6335	5	(SRF) surface water layer (ENVO:00002042)	0,22	3	Trades Biome	(SPO) South Pacific Ocean [MRGID:1910]	(SPSG) South Pacific Subtropical Gyre Province, North and South [MRGID:21486]
TARA_112_DCM_0.22-3	ERS492445	ERR598957	http://www.ebi.ac.uk/ena/data/view/ERR598957	TARA_B100000945	http://www.pangaea.de/search?All&q=TARA_B100000945	TARA_112	2011-06-15T00:55:48	-23,2189	-129,4997	155	(DCM) deep chlorophyll maximum layer (ENVO:01000326)	0,22	3	Trades Biome	(SPO) South Pacific Ocean [MRGID:1910]	(SPSG) South Pacific Subtropical Gyre Province, North and South [MRGID:21486]
TARA_112_MES_0.22-3	ERS492471	ERR599072	http://www.ebi.ac.uk/ena/data/view/ERR599072	TARA_B100000949	http://www.pangaea.de/search?All&q=TARA_B100000949	TARA_112	2011-06-15T18:43:16	-23,2232	-129,5986	696	(MES) mesopelagic zone (ENVO:00000213)	0,22	3	Trades Biome	(SPO) South Pacific Ocean [MRGID:1910]	(SPSG) South Pacific Subtropical Gyre Province, North and South [MRGID:21486]
TARA_112_SRF_0.22-3	ERS492408	ERR598954	http://www.ebi.ac.uk/ena/data/view/ERR598954	TARA_B100000941	http://www.pangaea.de/search?All&q=TARA_B100000941	TARA_112	2011-06-14T16:45	-23,2811	-129,3947	5	(SRF) surface water layer (ENVO:00002042)	0,22	3	Trades Biome	(SPO) South Pacific Ocean [MRGID:1910]	(SPSG) South Pacific Subtropical Gyre Province, North and South [MRGID:21486]
TARA_122_DCM_0.1-0.22	ERS492703	ERR594284	http://www.ebi.ac.uk/ena/data/view/ERR594284	TARA_Y100001973	http://www.pangaea.de/search?All&q=TARA_Y100001973	TARA_122	2011-07-28T17:15:56	-9,0063	-139,1394	115	(DCM) deep chlorophyll maximum layer (ENVO:01000326)	0,1	0,22	Trades Biome	(SPO) South Pacific Ocean [MRGID:1910]	(SPSG) South Pacific Subtropical Gyre Province, North and South [MRGID:21486]
TARA_122_DCM_0.22-3	ERS492699	ERR598948	http://www.ebi.ac.uk/ena/data/view/ERR598948	TARA_B100000700	http://www.pangaea.de/search?All&q=TARA_B100000700	TARA_122	2011-07-28T17:15:56	-9,0063	-139,1394	115	(DCM) deep chlorophyll maximum layer (ENVO:01000326)	0,22	3	Trades Biome	(SPO) South Pacific Ocean [MRGID:1910]	(SPSG) South Pacific Subtropical Gyre Province, North and South [MRGID:21486]
TARA_122_DCM_0.22-0.45	ERS492704	ERR594304	http://www.ebi.ac.uk/ena/data/view/ERR594304	TARA_Y100001970	http://www.pangaea.de/search?All&q=TARA_Y100001970	TARA_122	2011-07-28T17:15:56	-9,0063	-139,1394	115	(DCM) deep chlorophyll maximum layer (ENVO:01000326)	0,22	0,45	Trades Biome	(SPO) South Pacific Ocean [MRGID:1910]	(SPSG) South Pacific Subtropical Gyre Province, North and South [MRGID:21486]
TARA_122_DCM_0.45-0.8	ERS492705	ERR594301	http://www.ebi.ac.uk/ena/data/view/ERR594301	TARA_Y100001968	http://www.pangaea.de/search?All&q=TARA_Y100001968	TARA_122	2011-07-28T17:15:56	-9,0063	-139,1394	115	(DCM) deep chlorophyll maximum layer (ENVO:01000326)	0,45	0,8	Trades Biome	(SPO) South Pacific Ocean [MRGID:1910]	(SPSG) South Pacific Subtropical Gyre Province, North and South [MRGID:21486]
TARA_122_MES_0.1-0.22	ERS492683	ERR594309	http://www.ebi.ac.uk/ena/data/view/ERR594309	TARA_Y100001951	http://www.pangaea.de/search?All&q=TARA_Y100001951	TARA_122	2011-07-27T19:28:43	-8,9729	-139,2393	600	(MES) mesopelagic zone (ENVO:00000213)	0,1	0,22	Trades Biome	(SPO) South Pacific Ocean [MRGID:1910]	(SPSG) South Pacific Subtropical Gyre Province, North and South [MRGID:21486]
TARA_122_MES_0.22-3	ERS492680	ERR598999|ERR599033|ERR599083|ERR599096	http://www.ebi.ac.uk/ena/data/view/ERR598999,ERR599033,ERR599083,ERR599096	TARA_B100000678	http://www.pangaea.de/search?All&q=TARA_B100000678	TARA_122	2011-07-27T19:28:43	-8,9729	-139,2393	600	(MES) mesopelagic zone (ENVO:00000213)	0,22	3	Trades Biome	(SPO) South Pacific Ocean [MRGID:1910]	(SPSG) South Pacific Subtropical Gyre Province, North and South [MRGID:21486]
TARA_122_MES_0.22-0.45	ERS492684	ERR594305	http://www.ebi.ac.uk/ena/data/view/ERR594305	TARA_Y100001949	http://www.pangaea.de/search?All&q=TARA_Y100001949	TARA_122	2011-07-27T19:28:43	-8,9729	-139,2393	600	(MES) mesopelagic zone (ENVO:00000213)	0,22	0,45	Trades Biome	(SPO) South Pacific Ocean [MRGID:1910]	(SPSG) South Pacific Subtropical Gyre Province, North and South [MRGID:21486]
TARA_122_MES_0.45-0.8	ERS492685	ERR594322	http://www.ebi.ac.uk/ena/data/view/ERR594322	TARA_Y100001947	http://www.pangaea.de/search?All&q=TARA_Y100001947	TARA_122	2011-07-27T19:28:43	-8,9729	-139,2393	600	(MES) mesopelagic zone (ENVO:00000213)	0,45	0,8	Trades Biome	(SPO) South Pacific Ocean [MRGID:1910]	(SPSG) South Pacific Subtropical Gyre Province, North and South [MRGID:21486]
TARA_122_SRF_0.1-0.22	ERS492646	ERR594292	http://www.ebi.ac.uk/ena/data/view/ERR594292	TARA_Y100001972	http://www.pangaea.de/search?All&q=TARA_Y100001972	TARA_122	2011-07-26T17:10	-8,9971	-139,1963	5	(SRF) surface water layer (ENVO:00002042)	0,1	0,22	Trades Biome	(SPO) South Pacific Ocean [MRGID:1910]	(SPSG) South Pacific Subtropical Gyre Province, North and South [MRGID:21486]
TARA_122_SRF_0.22-3	ERS492642	ERR598992	http://www.ebi.ac.uk/ena/data/view/ERR598992	TARA_B100001115	http://www.pangaea.de/search?All&q=TARA_B100001115	TARA_122	2011-07-26T17:10	-8,9971	-139,1963	5	(SRF) surface water layer (ENVO:00002042)	0,22	3	Trades Biome	(SPO) South Pacific Ocean [MRGID:1910]	(SPSG) South Pacific Subtropical Gyre Province, North and South [MRGID:21486]
TARA_122_SRF_0.22-0.45	ERS492647	ERR594307	http://www.ebi.ac.uk/ena/data/view/ERR594307	TARA_Y100001980	http://www.pangaea.de/search?All&q=TARA_Y100001980	TARA_122	2011-07-26T17:10	-8,9971	-139,1963	5	(SRF) surface water layer (ENVO:00002042)	0,22	0,45	Trades Biome	(SPO) South Pacific Ocean [MRGID:1910]	(SPSG) South Pacific Subtropical Gyre Province, North and South [MRGID:21486]
TARA_122_SRF_0.45-0.8	ERS492648	ERR594306	http://www.ebi.ac.uk/ena/data/view/ERR594306	TARA_Y100001978	http://www.pangaea.de/search?All&q=TARA_Y100001978	TARA_122	2011-07-26T17:10	-8,9971	-139,1963	5	(SRF) surface water layer (ENVO:00002042)	0,45	0,8	Trades Biome	(SPO) South Pacific Ocean [MRGID:1910]	(SPSG) South Pacific Subtropical Gyre Province, North and South [MRGID:21486]
TARA_132_DCM_0.22-3	ERS493340	ERR598995	http://www.ebi.ac.uk/ena/data/view/ERR598995	TARA_B100001250	http://www.pangaea.de/search?All&q=TARA_B100001250	TARA_132	2011-10-05T00:59:03	31,5168	-159,046	115	(DCM) deep chlorophyll maximum layer (ENVO:01000326)	0,22	3	Westerlies Biome	(NPO) North Pacific Ocean [MRGID:1908]	(NPST) North Pacific Subtropical and Polar Front Provinces [MRGID:21484]
TARA_132_MES_0.22-3	ERS493372	ERR598980	http://www.ebi.ac.uk/ena/data/view/ERR598980	TARA_B100001245	http://www.pangaea.de/search?All&q=TARA_B100001245	TARA_132	2011-10-05T20:45:47	31,528	-159,0224	550	(MES) mesopelagic zone (ENVO:00000213)	0,22	3	Westerlies Biome	(NPO) North Pacific Ocean [MRGID:1908]	(NPST) North Pacific Subtropical and Polar Front Provinces [MRGID:21484]
TARA_132_SRF_0.22-3	ERS493300	ERR599142	http://www.ebi.ac.uk/ena/data/view/ERR599142	TARA_B100001248	http://www.pangaea.de/search?All&q=TARA_B100001248	TARA_132	2011-10-04T17:46	31,5213	-158,9958	5	(SRF) surface water layer (ENVO:00002042)	0,22	3	Westerlies Biome	(NPO) North Pacific Ocean [MRGID:1908]	(NPST) North Pacific Subtropical and Polar Front Provinces [MRGID:21484]
TARA_133_DCM_0.22-3	ERS493431	ERR598942	http://www.ebi.ac.uk/ena/data/view/ERR598942	TARA_B100001094	http://www.pangaea.de/search?All&q=TARA_B100001094	TARA_133	2011-10-19T00:09	35,4002	-127,7499	45	(DCM) deep chlorophyll maximum layer (ENVO:01000326)	0,22	3	Westerlies Biome	(NPO) North Pacific Ocean [MRGID:1908]	(NPST) North Pacific Subtropical and Polar Front Provinces [MRGID:21484]
TARA_133_MES_0.22-3	ERS493460	ERR599115	http://www.ebi.ac.uk/ena/data/view/ERR599115	TARA_B100001105	http://www.pangaea.de/search?All&q=TARA_B100001105	TARA_133	2011-10-19T19:27:16	35,2698	-127,7268	650	(MES) mesopelagic zone (ENVO:00000213)	0,22	3	Westerlies Biome	(NPO) North Pacific Ocean [MRGID:1908]	(NPST) North Pacific Subtropical and Polar Front Provinces [MRGID:21484]
TARA_133_SRF_0.22-3	ERS493390	ERR599052	http://www.ebi.ac.uk/ena/data/view/ERR599052	TARA_B100001093	http://www.pangaea.de/search?All&q=TARA_B100001093	TARA_133	2011-10-18T15:35	35,3671	-127,7422	5	(SRF) surface water layer (ENVO:00002042)	0,22	3	Westerlies Biome	(NPO) North Pacific Ocean [MRGID:1908]	(NPST) North Pacific Subtropical and Polar Front Provinces [MRGID:21484]
TARA_137_DCM_0.22-3	ERS493670	ERR598987|ERR599070|ERR599099|ERR599147	http://www.ebi.ac.uk/ena/data/view/ERR598987,ERR599070,ERR599099,ERR599147	TARA_B100001964	http://www.pangaea.de/search?All&q=TARA_B100001964	TARA_137	2011-12-02T20:42	14,2075	-116,6468	40	(DCM) deep chlorophyll maximum layer (ENVO:01000326)	0,22	3	Trades Biome	(NPO) North Pacific Ocean [MRGID:1908]	(PNEC) North Pacific Equatorial Countercurrent Province [MRGID:21488]
TARA_137_MES_0.22-3	ERS493705	ERR599015|ERR599076|ERR599127|ERR599152	http://www.ebi.ac.uk/ena/data/view/ERR599015,ERR599076,ERR599127,ERR599152	TARA_B100001971	http://www.pangaea.de/search?All&q=TARA_B100001971	TARA_137	2011-12-03T14:31:20	14,2025	-116,6433	375	(MES) mesopelagic zone (ENVO:00000213)	0,22	3	Trades Biome	(NPO) North Pacific Ocean [MRGID:1908]	(PNEC) North Pacific Equatorial Countercurrent Province [MRGID:21488]
TARA_137_SRF_0.22-3	ERS493636	ERR598989	http://www.ebi.ac.uk/ena/data/view/ERR598989	TARA_B100001287	http://www.pangaea.de/search?All&q=TARA_B100001287	TARA_137	2011-12-02T14:12	14,2035	-116,6261	5	(SRF) surface water layer (ENVO:00002042)	0,22	3	Trades Biome	(NPO) North Pacific Ocean [MRGID:1908]	(PNEC) North Pacific Equatorial Countercurrent Province [MRGID:21488]
TARA_138_DCM_0.22-3	ERS493788	ERR599087	http://www.ebi.ac.uk/ena/data/view/ERR599087	TARA_B100001996	http://www.pangaea.de/search?All&q=TARA_B100001996	TARA_138	2011-12-11T13:27:34	6,3378	-102,9538	60	(DCM) deep chlorophyll maximum layer (ENVO:01000326)	0,22	3	Trades Biome	(NPO) North Pacific Ocean [MRGID:1908]	(PNEC) North Pacific Equatorial Countercurrent Province [MRGID:21488]
TARA_138_MES_0.22-3	ERS493822	ERR599004|ERR599051|ERR599060|ERR599175	http://www.ebi.ac.uk/ena/data/view/ERR599004,ERR599051,ERR599060,ERR599175	TARA_B100002003	http://www.pangaea.de/search?All&q=TARA_B100002003	TARA_138	2011-12-11T20:37:22	6,3559	-103,0598	450	(MES) mesopelagic zone (ENVO:00000213)	0,22	3	Trades Biome	(NPO) North Pacific Ocean [MRGID:1908]	(PNEC) North Pacific Equatorial Countercurrent Province [MRGID:21488]
TARA_138_SRF_0.22-3	ERS493752	ERR599030	http://www.ebi.ac.uk/ena/data/view/ERR599030	TARA_B100001989	http://www.pangaea.de/search?All&q=TARA_B100001989	TARA_138	2011-12-10T14:08	6,3332	-102,9432	5	(SRF) surface water layer (ENVO:00002042)	0,22	3	Trades Biome	(NPO) North Pacific Ocean [MRGID:1908]	(PNEC) North Pacific Equatorial Countercurrent Province [MRGID:21488]
TARA_142_DCM_0.22-3	ERS493981	ERR599100	http://www.ebi.ac.uk/ena/data/view/ERR599100	TARA_B100002052	http://www.pangaea.de/search?All&q=TARA_B100002052	TARA_142	2012-01-09T20:17:16	25,6168	-88,4532	125	(DCM) deep chlorophyll maximum layer (ENVO:01000326)	0,22	3	Coastal Biome 	(NAO) North Atlantic Ocean [MRGID:1912]	(CARB) Caribbean Province [MRGID:21466]
TARA_142_MES_0.22-3	ERS494006	ERR598985	http://www.ebi.ac.uk/ena/data/view/ERR598985	TARA_B100002049	http://www.pangaea.de/search?All&q=TARA_B100002049	TARA_142	2012-01-10T14:49:35	25,6236	-88,45	640	(MES) mesopelagic zone (ENVO:00000213)	0,22	3	Coastal Biome 	(NAO) North Atlantic Ocean [MRGID:1912]	(CARB) Caribbean Province [MRGID:21466]
TARA_142_SRF_0.22-3	ERS493938	ERR599136	http://www.ebi.ac.uk/ena/data/view/ERR599136	TARA_B100002051	http://www.pangaea.de/search?All&q=TARA_B100002051	TARA_142	2012-01-09T13:41	25,5264	-88,394	5	(SRF) surface water layer (ENVO:00002042)	0,22	3	Coastal Biome 	(NAO) North Atlantic Ocean [MRGID:1912]	(CARB) Caribbean Province [MRGID:21466]
